id_ponto,latitude,longitude,ndvi,infestacao_pragas,temp_dossel,umidade_solo,status_alvo
1,-23.553745401188472,-46.6369816171402,0.3295930501870338,51.908178513621806,26.187290939774496,51.37594610531515,Critico
2,-23.5595071430641,-46.635360963663445,0.5793306631648507,47.9181877629731,25.951660785151997,48.22638973273588,Alerta
3,-23.557319939418115,-46.63309527616286,0.8110620851134858,2.5642065806435688,36.50007328833659,38.67644757277866,Normal
4,-23.55598658484197,-46.63813795019707,0.7125574204866929,34.12478276261564,25.992739197592098,57.80235718059666,Alerta
5,-23.551560186404426,-46.63684731172554,0.7645928035030147,38.019561878585705,26.351195618058096,20.02372577642014,Alerta
6,-23.551559945203362,-46.63162616939345,0.661148356697502,39.88227808969005,34.15037219868742,15.46321051548107,Alerta
7,-23.550580836121682,-46.63910927184494,0.6845935951624966,58.017236922733225,29.19583747920864,52.69809834777111,Alerta
8,-23.55866176145775,-46.63822537242923,0.7944369560957234,53.360254672687844,34.4273689112829,31.957490831687416,Alerta
9,-23.55601115011743,-46.63949799913292,0.3747676062014301,60.79050927934446,23.045858521030162,52.34844271035303,Critico
10,-23.55708072577796,-46.63725719508388,0.5425974745501982,76.48832615421283,29.80113909877415,54.654510259770746,Critico
11,-23.55020584494296,-46.63613415195936,0.3548466092737216,81.29857387160935,22.53781760293252,13.122879680953572,Critico
12,-23.55969909852162,-46.634182430362905,0.8913676055976529,71.81230762264944,23.00245125528567,54.17323814930303,Critico
13,-23.558324426408003,-46.63932728483354,0.8608415377806293,95.55236959549347,36.50299925351057,32.41595276847111,Critico
14,-23.552123391106782,-46.638660638895004,0.22759876795795414,1.823258267636163,24.227925937881523,35.52162445021161,Critico
15,-23.55181824967207,-46.63045218670106,0.693902620760982,19.57779856835461,30.518730916403474,41.32962555466051,Normal
16,-23.551834045098534,-46.63026366974498,0.8476738221909661,0.756287497814212,28.577529641611306,56.31913033650434,Normal
17,-23.553042422429595,-46.63376463366878,0.3264027415891335,64.7474714154603,27.55749322014148,10.955804721488201,Critico
18,-23.55524756431632,-46.63810553330782,0.5975616613868406,89.8030548949987,36.39733353099636,33.842173415890855,Critico
19,-23.55431945018642,-46.63987276129315,0.8408418083116294,24.34822965762993,22.349174348407832,44.38610212152803,Alerta
20,-23.55291229140198,-46.631504168911036,0.2237621850100592,92.70345447963066,32.62063497880943,46.135347884911425,Critico
21,-23.556118528947223,-46.63594130715352,0.6881941870727879,6.026739028956085,37.41431094741681,44.6266215768554,Normal
22,-23.55139493860652,-46.63380890856631,0.40814430516078554,93.44360268055144,30.96269093538947,16.721756470406092,Critico
23,-23.552921446485353,-46.63969914397815,0.8470773367635713,35.16226872396344,36.98915939252947,24.96977941858406,Alerta
24,-23.553663618432935,-46.63842118923136,0.8797407716157575,10.142082844921651,22.83612606857638,27.935776270850674,Normal
25,-23.55456069984217,-46.63838328704711,0.8609865423794036,48.58717591863256,28.70069310518658,50.22186038397525,Alerta
26,-23.55785175961393,-46.634686931597955,0.5319499516602246,25.677656772050796,26.16252465539282,23.937993620727653,Alerta
27,-23.551996737821582,-46.63414819502338,0.8034298556925195,28.487290196192284,33.69313543969167,20.535248193360157,Alerta
28,-23.555142344384137,-46.63273407071931,0.7911845789745493,30.728996492628657,37.70075344795595,57.87240095190481,Alerta
29,-23.55592414568862,-46.63056375496651,0.4233703312702789,80.30258978326634,26.104480999107963,10.443164255673445,Critico
30,-23.550464504127202,-46.638647223762554,0.7802408319054741,53.91612766752545,32.46679362358519,59.89104278409891,Alerta
31,-23.556075448519014,-46.638129010091305,0.22590534430084486,31.130769915600364,25.169562124155842,43.84106494286978,Critico
32,-23.551705241236874,-46.63999717673286,0.6173889149374372,61.03337833109184,31.04528407314576,51.423464972455854,Critico
33,-23.550650515929853,-46.63996636837074,0.3610061861013921,71.61506742231936,29.422919787013377,24.730969817309656,Critico
34,-23.559488855372532,-46.63555431705603,0.28439682004409517,27.262400073353376,37.55208527410459,10.715763883352999,Critico
35,-23.559656320330745,-46.6376898741518,0.2538672411404464,41.354910152535155,31.736436363143465,46.893475928076505,Critico
36,-23.558083973481164,-46.639447657298824,0.6874021431146978,12.188609333694755,27.5921019533891,51.70722985003379,Normal
37,-23.553046137691734,-46.63849647390678,0.43791247463764627,18.11493495346803,23.825532558206934,47.02380659767596,Normal
38,-23.550976721140064,-46.632473481017435,0.7073367400701329,68.11178539649828,24.41994925975895,17.14251436504193,Critico
39,-23.55684233026512,-46.634505441353106,0.24574943855925968,18.143834769562694,25.60507087921976,47.671396112848456,Critico
40,-23.554401524937397,-46.63129159415152,0.42070323648142727,52.516338366706016,26.01546658144477,48.44613910538205,Alerta
41,-23.551220382348447,-46.63954051027259,0.577643904662736,70.90462617224327,35.6098569254582,42.92702578350274,Critico
42,-23.554951769101113,-46.63606174634451,0.7535062153872745,10.687692309474384,30.9795646125204,48.30579663977931,Normal
43,-23.550343885211152,-46.63228642805504,0.42312675205244893,56.73122196289035,30.374254581989863,52.296071983886605,Alerta
44,-23.559093204020787,-46.63671700684406,0.6381239635059064,25.656278370136377,23.83630194990748,40.68020571187292,Alerta
45,-23.552587799816,-46.63618128240458,0.8201844237653311,96.29268752375798,35.76223509359096,14.430235698483953,Critico
46,-23.55662522284354,-46.63358162718033,0.6311042317276132,48.35456467199247,33.56502885133574,34.38139048336055,Alerta
47,-23.553117110760894,-46.631135575922,0.36307163232754364,80.59925497751581,23.082693790400025,13.882466733580253,Critico
48,-23.55520068021178,-46.63671573195593,0.21708054708957664,55.022654215626176,33.325361555676295,30.37715155162154,Critico
49,-23.555467102793433,-46.63520307700904,0.8090692117306508,4.341253285481916,30.696611477482335,30.35532445628138,Normal
50,-23.551848544555256,-46.63772318391736,0.21488858759527102,63.31513755940223,23.307605531948454,13.300492207012079,Critico
51,-23.559695846277645,-46.63520163501112,0.8122911708789395,95.14033422066571,29.3328102644585,27.441026698473966,Critico
52,-23.55775132823361,-46.63852181500319,0.5702559938190483,60.16118201463312,29.75514059408075,15.549904939565742,Critico
53,-23.55939498941564,-46.635519068387744,0.8573473889590273,81.91888594267903,24.652392642612412,50.41176050046111,Critico
54,-23.558948273504274,-46.635609379715355,0.7591482650415657,88.42064633484078,37.13117035200452,57.38440129822354,Critico
55,-23.55597899978811,-46.63876653602659,0.8985538773733361,22.807977194893247,35.59960594369059,13.61582376289693,Alerta
56,-23.55921874235023,-46.634034828662124,0.4454982708161971,21.204483990822666,32.70435739726573,57.75576036458507,Alerta
57,-23.55088492502052,-46.63134015228451,0.7370318022517888,61.09809888509917,29.396728976009715,36.12882996683726,Critico
58,-23.55195982862419,-46.63028782676314,0.4813516395264695,41.10284698067047,28.588248665352136,24.978283897693693,Alerta
59,-23.550452272889107,-46.637551372556736,0.5359129342127362,83.98613028667204,32.41557547441526,13.843103763808175,Critico
60,-23.55325330330763,-46.63620309551354,0.639253824252859,90.00231233980112,30.726909910510486,35.031213403520894,Critico
61,-23.553886772896895,-46.637040797680996,0.8115739799304371,35.34213793027181,22.99636969411017,49.72577722453743,Alerta
62,-23.55271349031774,-46.632129641615094,0.8888584284395065,23.687055897448207,30.200042380325307,45.354323863334905,Alerta
63,-23.558287375091517,-46.63136371475587,0.7377913897051627,78.05255152438619,34.90245787572543,12.511300573198689,Critico
64,-23.553567533266936,-46.630145446656684,0.4924367475171336,27.48060355481361,29.347838041551327,13.645091768395176,Alerta
65,-23.552809345096875,-46.63350587558807,0.49494990159394914,82.26143185136785,22.831305240868296,30.143664131631855,Critico
66,-23.555426960831582,-46.63589917686855,0.716307611112224,42.37382536487628,34.58045119014453,24.764524702397164,Alerta
67,-23.551409242249747,-46.633922440451,0.3671440020378116,66.75498992914704,25.22182051417559,21.61921615280239,Critico
68,-23.55802196980754,-46.63437474922024,0.27733187919197627,9.553531383466819,26.13793335820862,24.05022494543568,Critico
69,-23.550745506436797,-46.63904158694494,0.4482355103485436,62.3859324676573,24.635301654916734,50.17413716484423,Critico
70,-23.559868869366003,-46.63348255467024,0.40106729415785725,45.17676787372291,27.28344103794396,56.461402681592695,Alerta
71,-23.557722447692967,-46.6351398948916,0.40741568431919306,58.66084631754741,34.10802409101816,30.255134726378323,Alerta
72,-23.551987156815343,-46.637836530127416,0.36352542573493696,16.801420774486342,30.310173752062997,55.30555010662486,Critico
73,-23.550055221171238,-46.63396542782321,0.22946523274545333,73.68737449441821,25.278100386411403,26.0747850623941,Critico
74,-23.558154614284547,-46.63622086700228,0.21251175431338967,86.27970775432286,36.04528125043265,33.82184931718958,Critico
75,-23.557068573438475,-46.63862363708747,0.891405672815222,21.673980009077564,36.073309679224465,21.301449890799987,Alerta
76,-23.55729007168041,-46.639495206236575,0.49944119361510364,9.571455552016172,35.92925480073611,42.0238021087922,Normal
77,-23.55771270346686,-46.63147073480929,0.46902865301177715,2.3638586046336396,25.820739382104627,58.94905575874044,Normal
78,-23.55074044651734,-46.63926587625161,0.6757530978851489,64.1971500443266,29.21982950689581,40.17465480216893,Critico
79,-23.55358465728544,-46.634921162930794,0.35277772150554493,60.70940360887808,37.759834498254,27.890704205677444,Critico
80,-23.55115869059525,-46.63258244388299,0.8649728287651577,54.669741271407005,34.352199620959844,42.39087229952642,Alerta
81,-23.558631034258756,-46.634591357562385,0.7504415100908863,23.194709611597542,22.434678739608955,16.14603392326938,Alerta
82,-23.556232981268273,-46.63980032575286,0.2625877016185817,39.09059959055147,23.043273460167875,54.432954013269935,Critico
83,-23.553308980248527,-46.63492618093993,0.4923065430494498,59.4476335186173,29.422902028997324,35.154197538991816,Alerta
84,-23.55063558350286,-46.633287516102875,0.8153828152935152,49.67668588591694,36.54752329378496,32.4674871019821,Alerta
85,-23.553109823217156,-46.636334008543166,0.8613124156039871,98.77855202148874,30.619228767243428,39.29323942267596,Critico
86,-23.55325183322027,-46.632401456187786,0.5271810578749088,13.643975255673313,29.965000128548645,41.239193139470125,Normal
87,-23.55729606178338,-46.63075863328109,0.6293879724474953,69.51445540475937,23.68757919930609,13.588790311325651,Critico
88,-23.556375574713552,-46.631288797219106,0.3169237622644527,40.431876810429216,32.508481675588705,44.13086106117012,Critico
89,-23.55887212742576,-46.63128045838958,0.8938180382958836,42.819961492561475,35.153650569603606,22.09658401577648,Alerta
90,-23.55472214925162,-46.63151902693512,0.3621701909684104,71.75977656581762,28.086720120120997,45.69763162532949,Critico
91,-23.551195942459383,-46.63138827172649,0.8599122418945879,69.24361513243696,34.40978961480524,51.12673971920984,Critico
92,-23.557132447872227,-46.63640874744803,0.6547526542946579,99.12559937021884,37.431626462412986,50.197925377626014,Critico
93,-23.557607850486168,-46.631818800843995,0.6254157564152014,12.839428945412523,25.260263346043025,37.62504837039445,Normal
94,-23.555612771975696,-46.63345667283324,0.558881957711556,10.410964938416633,30.37327409911586,36.00849461553756,Normal
95,-23.557709671799543,-46.63896788409906,0.36146886820243107,72.43388171287411,26.59420732935321,17.143798066970586,Critico
96,-23.554937955963645,-46.63473961640263,0.3235696224038558,57.83869170064091,34.68567070454143,48.76730752015678,Critico
97,-23.55522732829382,-46.63667557738521,0.35434034634912276,27.416066655980586,31.241493854098522,23.57046902233572,Critico
98,-23.554275410183585,-46.63172319871202,0.3305067835009782,7.9419368988986605,32.15331868080486,34.83477114089733,Critico
99,-23.55025419126744,-46.631922890188086,0.7457091314967272,8.565824959643054,34.76662655385431,24.213704646375835,Normal
100,-23.551078914269933,-46.63040868616267,0.44508768141671107,89.41908746641182,28.335527562599278,16.691418149984656,Critico
101,-23.550314291856868,-46.63168935063072,0.24048987359437746,19.18673247187429,36.64144109451269,41.477884844586825,Critico
102,-23.55636410411264,-46.63278590339032,0.8783718410985679,32.33715621155208,30.52846187593824,12.71660174114519,Alerta
103,-23.553143559810763,-46.63177010484277,0.818650119474398,22.6656402226988,24.527277165365568,47.43226170631,Alerta
104,-23.555085706911647,-46.63088702533757,0.8494265982366491,35.49963058319373,33.13438589070084,25.87933976305583,Alerta
105,-23.55907566473926,-46.63120635871101,0.8964354758525046,6.942384274609337,34.692181607012074,10.006734650224265,Normal
106,-23.55249292229149,-46.63460778768033,0.3217266744536411,51.90597909082704,27.068186833080425,35.556456961861485,Critico
107,-23.554103829230357,-46.63206333718406,0.4773694132318611,6.76125635922149,35.714868111980046,12.342595426380157,Normal
108,-23.55755551138543,-46.63364269861048,0.7307669329928639,80.03565078223616,36.49829207625226,23.808477891044973,Critico
109,-23.552287981654917,-46.63503417270855,0.6872144326376546,23.3712081910433,26.43047179804494,45.348824372785806,Alerta
110,-23.550769799098287,-46.636903948286296,0.30772713443789856,54.00119146045106,37.736343563443555,13.134481081093293,Critico
111,-23.55289751452914,-46.63039312139841,0.7710831874934325,88.00790875614582,24.251384448780136,51.96692461780012,Critico
112,-23.55161221287254,-46.637994103989094,0.3571084002856625,65.08773690471942,25.23225069443984,10.190996132929156,Critico
113,-23.559296976523424,-46.63627900389491,0.3566723303758361,53.29577865513353,24.947597427808418,22.341193460095113,Critico
114,-23.558081203795645,-46.63081759031949,0.5758820960253894,32.43337531153756,36.30383536012593,47.04520280760357,Alerta
115,-23.556334037565104,-46.63873578624107,0.6150579543891922,33.300191305819794,32.468680837199386,25.81350748646534,Alerta
116,-23.558714605901876,-46.63920872400532,0.6060603454864678,66.94869551981901,24.433668531556364,15.094619403300676,Critico
117,-23.55803672076899,-46.63061077959855,0.2640407861784284,99.41393612211675,29.045174693893586,28.011695940021394,Critico
118,-23.55186570058886,-46.63276877648148,0.8142226038412663,66.18391898493786,31.84476840111683,23.519664319226276,Critico
119,-23.5589255899849,-46.63806201279793,0.3859200298120943,55.77834173700249,23.335425359830133,52.13559510802774,Critico
120,-23.555393422419158,-46.63748259690384,0.29066044489796294,73.06505102392461,36.118661894517416,25.667395879257157,Critico
121,-23.55807440155164,-46.63184521019357,0.8221236559082841,46.52056122837182,34.857656567064566,49.446623588800364,Alerta
122,-23.558960912999233,-46.63209349323337,0.8689560487608274,6.0142342600785215,30.08330837722621,54.593607240536734,Normal
123,-23.55318003474972,-46.63370472102792,0.8034893320858154,56.22968158779098,37.47402584414672,31.690870978826478,Alerta
124,-23.551100519245278,-46.63484522985191,0.7666612523074146,95.76252845053801,28.684175668401593,55.4971571927196,Critico
125,-23.55227935162542,-46.63618254771531,0.6586693864473152,17.530294235765965,37.74576510458397,28.865902698159644,Normal
126,-23.554271077886263,-46.6336891363957,0.5856001594263975,69.00048908206658,32.68671998085803,58.20392082450541,Critico
127,-23.558180147659225,-46.63462534716133,0.2608907319379871,20.093368865905646,32.15474037206306,14.464476226278647,Critico
128,-23.558607305832563,-46.63747470938134,0.4859172491494891,53.582768447308126,24.65527832473256,44.350963325162134,Alerta
129,-23.550069521305314,-46.63036683202891,0.4608819619086198,9.667644964671961,36.110844132874306,34.69070202284644,Normal
130,-23.555107473025775,-46.632524369443445,0.38182764863222834,45.037093625818514,28.839835006729842,29.382440272782354,Critico
131,-23.55417411003149,-46.63713349585885,0.7063940795820094,75.61633288952461,24.595734492519668,41.635593937430045,Critico
132,-23.552221078104708,-46.638952068376874,0.5471130145551395,34.757152423898205,22.201720319612143,45.19285458171656,Alerta
133,-23.55119865367334,-46.63511677442116,0.25673235113535353,66.4911724487218,30.95609093821412,10.218163482515454,Critico
134,-23.553376151714037,-46.63532113485265,0.3541282413648679,79.54499607897291,30.438393953962823,18.347654437359935,Critico
135,-23.559429097039125,-46.6310717201134,0.6782811345617171,92.71778194794527,33.50965795790654,45.65230253171593,Critico
136,-23.553232029320206,-46.634474123668234,0.25329160164321013,23.464208185545353,36.24412884828483,43.31927067891032,Critico
137,-23.555187906217434,-46.63532617266455,0.795844839834138,39.931591580930814,23.270505354288474,58.30237525643386,Alerta
138,-23.55703018958895,-46.63242470503635,0.546602568909782,15.241601333041743,33.7039438454458,48.05188951253915,Normal
139,-23.553636296023793,-46.6326924323095,0.5364106041286536,99.24835021583752,24.998591105561317,57.5386353865669,Critico
140,-23.55971782082721,-46.63377284163105,0.6146854492616622,92.70009679242953,35.73083285051462,45.127025076740345,Critico
141,-23.55962447294942,-46.63020071197778,0.7772766761476044,53.99571302805596,35.1050162217865,24.902610431972157,Alerta
142,-23.552517822958254,-46.63322079165583,0.44346644553153514,84.20332943764213,30.65270007976871,15.268246112542823,Critico
143,-23.554972485058922,-46.632114480069966,0.6746113067913444,52.09579772720422,33.363884777972984,49.09119316724678,Alerta
144,-23.553008783098168,-46.63327497352178,0.5960123747970537,62.35856880027597,27.029601810939972,42.2074610737958,Critico
145,-23.552848404943774,-46.631197621318194,0.3869197891185949,8.912443211601662,29.538686382925036,12.409300619664812,Critico
146,-23.550368869473544,-46.6389052728074,0.8150409904486107,75.52704204968079,35.146190363367545,28.002523295048917,Critico
147,-23.5560956433398,-46.635935924535545,0.7581982151248496,12.771348363523483,29.348243154771424,57.83999077421431,Normal
148,-23.55502679023229,-46.63679102319145,0.6609162842608978,82.60676302525283,27.72477224520707,35.02005728551006,Critico
149,-23.5505147875125,-46.63789171238607,0.7954072103659693,78.20280876703859,29.9073991560048,31.636456800985233,Critico
150,-23.552786464642367,-46.634984421989294,0.8071059406718617,70.87446977429764,35.25198803899549,32.8849802579647,Critico
151,-23.559082658859666,-46.630869202880874,0.6958540837005243,3.6160380524762115,27.363328757933964,20.444136200258185,Normal
152,-23.55239561890667,-46.635371065418184,0.7859093298545703,30.31283559453286,24.780185490171903,28.43535854323976,Alerta
153,-23.551448948720914,-46.63586841118021,0.6882300231684986,26.311256991084285,33.39222432529249,28.49066279935883,Alerta
154,-23.554894527602777,-46.637454394741845,0.6760985402322103,36.01364074715191,35.21565140332931,12.61775100937362,Alerta
155,-23.559856504541106,-46.6343165954623,0.633027964750629,8.764274676383854,23.610199656376533,48.37838142589591,Normal
156,-23.552420552715116,-46.63127580302796,0.7269016476903489,93.69578230310628,25.837985804095116,30.82522159519395,Critico
157,-23.556721355474057,-46.63283775905799,0.3110235737051516,55.38022407123763,24.271551836175902,51.10899434082116,Critico
158,-23.557616196153287,-46.63363082296399,0.8166095314392499,30.552431065802356,27.567062585314666,52.51740005599477,Alerta
159,-23.552376375439923,-46.63645917241332,0.8102904694216624,39.698151707428345,29.2056156624866,20.599702734932904,Alerta
160,-23.557282163486118,-46.63570778304669,0.2204730981241914,44.72025405048357,33.9812213914129,42.86767410850643,Critico
161,-23.553677831327192,-46.63356096725898,0.7780717253953338,60.05943333606173,32.418361358106786,33.614090208149086,Critico
162,-23.556323058305935,-46.63986515248793,0.29020890723141163,51.567942769649775,31.934857079654897,54.00783689607425,Critico
163,-23.55633529710761,-46.63605774819357,0.4345831979813993,91.93919732144174,27.63799914575447,20.787033958822704,Critico
164,-23.55535774684075,-46.63237226791736,0.7204557794041255,49.696348290583025,35.46316084935616,43.89066001550221,Alerta
165,-23.550902897700546,-46.63101782472621,0.31253192723381573,99.21580148233127,29.54059467837063,40.38760611263613,Critico
166,-23.558353024955892,-46.63152859139185,0.7725769168833434,85.14249577450957,37.66567900824247,24.76507387859164,Critico
167,-23.553207800649716,-46.632459577283846,0.7824939245704192,20.85105143573358,32.14627421273179,16.83004518255863,Alerta
168,-23.551865185104,-46.631606813732596,0.5552274136325853,93.05952146439162,24.020235865032042,42.58198802386383,Critico
169,-23.55040775141555,-46.631865670240515,0.20447011020178352,11.636639788547608,32.81884099320695,46.92987290661654,Critico
170,-23.555908929431883,-46.63285095168694,0.40092669322243896,81.74497084911916,27.201664246907185,25.7813671881675,Critico
171,-23.556775643618423,-46.63173373595295,0.6318488428630196,38.06232934765801,32.98123514697756,42.24163020111569,Alerta
172,-23.550165878289278,-46.638967654246265,0.8868303246191964,87.79743204450695,23.114258370598492,29.75654538057516,Critico
173,-23.555120930582994,-46.63080233745662,0.6422694689116679,86.80566901074504,24.798102994815352,45.66034416413088,Critico
174,-23.55226495775198,-46.63524511389571,0.38186250674491184,80.59254001176211,35.69179614249258,19.960763744702653,Critico
175,-23.556451727904093,-46.6341039682699,0.643803992169728,79.00304363070614,25.634872912376238,54.51075013180872,Critico
176,-23.55174366429005,-46.63982378616909,0.5779897658010988,30.46791390980408,35.39265800388704,24.370479823278984,Alerta
177,-23.556909377381025,-46.63112038902168,0.7458917766058004,8.091928305125219,26.468417415270565,28.389299387807647,Normal
178,-23.553867353463005,-46.63397855599046,0.2748864471788709,40.29801787651615,32.28611056093932,12.90459760401749,Critico
179,-23.559367299887366,-46.639694704332754,0.7327195317514197,17.35245149865087,33.1064091761573,15.57561061606382,Normal
180,-23.55137520944146,-46.63865507125894,0.5788866050732772,69.49510889024617,30.202476050320847,35.793095135616404,Critico
181,-23.5534106635105,-46.638170720709496,0.8740944027012962,34.609972653778556,26.8849708271477,23.379633836398575,Alerta
182,-23.551134735212408,-46.63257902827045,0.4393105162270803,97.56102008599149,25.402310021937538,51.77401128710972,Critico
183,-23.559246936182785,-46.631708875873905,0.6428353251937637,64.0972077345332,22.53102967299882,10.734669432747692,Critico
184,-23.55877339353381,-46.63668643219925,0.8524196738570122,82.24805636343609,26.86314241985158,28.95470243359681,Critico
185,-23.55257941627715,-46.639293759891274,0.2717568095934755,13.252467274184843,32.45060464850053,26.867277338454635,Critico
186,-23.55659984046034,-46.63556762893014,0.8560599410655159,86.20144822726226,37.012877095175725,10.966381545880052,Critico
187,-23.55817222200201,-46.6357161268947,0.6815200056105692,92.27571905133944,35.939271716208836,16.218419950025513,Critico
188,-23.555552008115995,-46.6327997909366,0.24748594137362034,48.70619188189359,34.257036424564845,30.682133745931765,Critico
189,-23.55529650578356,-46.63769492933192,0.41067449686277135,60.625293775097745,34.61515749205278,34.64322922237233,Critico
190,-23.552418522909004,-46.631870437485574,0.695720462051697,76.48098009029954,32.639758455615926,30.214487362743455,Critico
191,-23.55093102767806,-46.633236792364045,0.2471454210281402,17.483862726041256,26.164589721056046,36.54688392060469,Critico
192,-23.558972157579532,-46.634254364386166,0.6075193221233912,50.25660764634424,36.515120491293274,39.756583745284075,Alerta
193,-23.559004180571634,-46.635076103786844,0.4421181398670697,39.86630277723131,32.73171699049335,10.496191056391782,Alerta
194,-23.55633101457273,-46.632424097324154,0.6346408624372339,14.63739921622491,30.96705009568704,33.204757972675196,Normal
195,-23.553390297910486,-46.631148368247395,0.232019423668759,36.753442229153144,23.775831507415695,58.17496204437941,Critico
196,-23.553492095746126,-46.636106200424415,0.8100757643066634,6.817230938549357,29.152888700902807,35.951614006477435,Normal
197,-23.5572595567887,-46.6328863055324,0.8814422784241778,2.5811906949486985,29.36573233923082,43.87711337294766,Normal
198,-23.558971102599525,-46.635812382214226,0.878214498699984,13.516628915482276,35.83301775236272,25.59319289584416,Normal
199,-23.55887086424265,-46.631543627152745,0.7247562822200473,96.31151115891738,30.746371523004616,48.699568907638124,Critico
200,-23.557798755458574,-46.63481140101855,0.29106036809144237,54.952953589501696,28.086408783526554,48.64607409380575,Critico
201,-23.55642031646154,-46.63532589432552,0.7307842371503157,96.582216115322,37.62880525617055,36.064802382706944,Critico
202,-23.55084139964995,-46.63051823536823,0.21721084152116107,43.2497878330132,23.771529493221053,58.80069116396068,Critico
203,-23.551616287140945,-46.633366042781944,0.21548648607029808,31.181613308525957,28.760774852991112,16.27751073813267,Critico
204,-23.55898554188527,-46.63134414676939,0.42652715340467884,50.61418628402441,22.672394802742485,10.84738324447905,Alerta
205,-23.556064290596595,-46.63063374970473,0.542050233283266,43.95116886329101,33.838465932270886,48.5079105878548,Alerta
206,-23.550091970516167,-46.6398996023239,0.7392851924654553,10.566468426174392,36.68922483518641,50.35777686824413,Normal
207,-23.55101471542866,-46.63322353844975,0.6783067636245537,64.08263146902063,26.48059727280783,16.01036145602881,Critico
208,-23.55663501769108,-46.638098744458546,0.5121318944637239,21.60381825095996,35.733466828785936,23.279141647930302,Alerta
209,-23.55005061583846,-46.63254640654764,0.3915386663971661,61.95879548978296,26.675491687390362,10.877618168331445,Critico
210,-23.551608080514175,-46.63681502722224,0.8979871501103978,65.02010923981534,36.57232258630265,24.665430539028236,Critico
211,-23.555487337893666,-46.6376022785989,0.49832691156518105,15.20248531286481,34.06339045754854,48.657093695933575,Normal
212,-23.556918951976925,-46.63595638740608,0.5159709170307728,6.134962711066816,34.87850842946302,35.898026385628945,Normal
213,-23.556519612595025,-46.6347157618855,0.3145366748341684,78.07615860684398,22.288104889607272,27.404779658414405,Critico
214,-23.552242693094605,-46.63411840914147,0.7563666841249506,45.98004237693202,37.40496571318442,28.586964745316514,Alerta
215,-23.557121792213476,-46.63348868266543,0.685577558047042,5.816379550547579,33.62673587312517,10.067681285773407,Normal
216,-23.55237249087497,-46.63929529144248,0.3545387289521323,99.48663171697672,26.87601752617813,24.990026378261796,Critico
217,-23.553253996981592,-46.63830619407788,0.2576667319310899,5.778056099636664,35.27031463774155,42.32293708189653,Critico
218,-23.55746491405118,-46.63965026910667,0.6763495114522992,69.50352288585532,26.50433917463888,58.70972219081786,Critico
219,-23.556496328990473,-46.63124297223486,0.6581578499967946,98.36789252634136,35.96406143305805,52.353041349194974,Critico
220,-23.55849223410494,-46.637308674752035,0.3912816688987465,23.918010421592562,23.80128624659099,11.179748232276456,Critico
221,-23.556576128923002,-46.639383404568214,0.8656044935752871,14.224936868719617,33.258975639372736,54.928030233741964,Normal
222,-23.555683086033355,-46.63181233066166,0.3057405242466302,12.138493942242889,30.651175626318565,49.1599206649313,Critico
223,-23.550936747678282,-46.63066496267367,0.5026343607298214,30.327514756759555,23.544551523127055,49.01880617854902,Alerta
224,-23.553677158030595,-46.6374112064929,0.8605311441173191,10.10458110106467,25.870301252141424,32.89978795017858,Normal
225,-23.552652023676817,-46.6357447311318,0.4938091218482856,69.2161341694132,22.198464580437037,29.90026464772514,Critico
226,-23.552439896433793,-46.638418287767585,0.6469681633648598,6.229179813006269,29.500287447432093,25.14578644165963,Normal
227,-23.559730105547523,-46.63139772376626,0.47831607857395597,50.94221281497897,26.820244172160006,13.28474294771829,Alerta
228,-23.55393097724667,-46.6379526731186,0.391950641644069,99.66968538529768,31.57371974876414,21.411768174684955,Critico
229,-23.55892046555177,-46.63201627320048,0.8887843535718798,81.39702695060188,26.755804923337877,22.330181748901232,Critico
230,-23.55631138625997,-46.63163655942866,0.4865338044205301,61.52194382310109,26.798705784111753,34.20385348551008,Critico
231,-23.557948113035415,-46.63164265797931,0.8258694425753941,30.625362078661166,33.891091179705654,47.3722203298347,Alerta
232,-23.555026370931053,-46.638145747202316,0.36096822412376034,62.389583629163845,22.770285375653657,33.69049141989733,Critico
233,-23.555769038846265,-46.63665197220696,0.3491732928175583,52.70414639116516,36.4463199230718,12.89222247235803,Critico
234,-23.554925176938188,-46.63523065424769,0.22179385801915796,42.60833838903715,35.6362219902589,57.88949004941019,Critico
235,-23.551952429877982,-46.63358830484124,0.6561667777631195,13.071037674019948,32.6848749316225,57.13621595470561,Normal
236,-23.557224521152616,-46.63877200540813,0.4579684406066328,88.66042152404667,31.491545121718147,49.25947715742042,Critico
237,-23.552807723624408,-46.63392445107423,0.805050774887746,44.97846488213225,36.276839970234434,59.56639507821103,Alerta
238,-23.550243159664316,-46.63816599439472,0.53124693468409,19.462251182076507,24.965282872459433,37.22411664001315,Normal
239,-23.55645472295907,-46.6343913490857,0.8777353995403052,36.77593508772896,23.263506595053258,58.138417512660304,Alerta
240,-23.55177110679407,-46.63376944429425,0.3298678609921848,41.4129752528927,25.83216271855261,13.780252030837538,Critico
241,-23.559404585843527,-46.6346267978567,0.8080362175689275,82.75378955668742,34.71325245920305,28.284037413068567,Critico
242,-23.559539285770025,-46.63301377874164,0.7436177969542193,73.3614380561402,22.554724267623733,21.26906340033829,Critico
243,-23.559148643902205,-46.637476093801766,0.7396452912508364,76.93048936413398,31.324909361335834,19.791654206713503,Critico
244,-23.553701587002553,-46.635027203900925,0.7913482596818213,1.1031264428647214,37.92700025906096,17.040147444633803,Normal
245,-23.55015456616529,-46.63232212695147,0.7327167936600991,41.615399817976154,35.69113750140063,41.120682078299836,Alerta
246,-23.559283185625876,-46.63899574573275,0.6383542251419907,48.13441516353236,30.34313102469743,49.06609278736525,Alerta
247,-23.554281841483174,-46.63383891221373,0.2918714143776713,1.9192276823056686,23.018254548586278,38.91491997101804,Critico
248,-23.559666548190435,-46.63543552861114,0.22276832564387636,25.98132087450342,35.301976230171356,17.348135479410484,Critico
249,-23.559636199770893,-46.63906472110965,0.8445934934709807,76.0289823122135,31.58365613083537,50.55618849667354,Critico
250,-23.558530094554673,-46.63624237995914,0.6316552201645167,13.710970572899905,23.83892795295307,41.79773535818643,Normal
251,-23.552944488920694,-46.63116898040709,0.7575761036833233,53.531013145259166,23.5017165571737,29.408285306349775,Alerta
252,-23.553850977286018,-46.639398321236136,0.537065646058785,21.52018720172375,36.55402911098548,43.70651477680315,Alerta
253,-23.558511366715166,-46.63627708053072,0.28211573227367615,1.2120774643893273,32.707204207009255,22.995248962141645,Critico
254,-23.55316922005156,-46.63334905614657,0.2876300545417853,24.12014575995415,35.26858878906809,27.259610424710527,Critico
255,-23.551694927466862,-46.63139272072664,0.67989570106028,97.58737549100537,36.06366240451628,55.87429215659951,Critico
256,-23.555568012624583,-46.6379402518927,0.5012141264296239,80.15371118829896,31.148357632773156,24.525225283571018,Critico
257,-23.559361547741606,-46.636200727559284,0.3403673086902357,95.95766443210334,30.27914162808066,33.49941340789683,Critico
258,-23.55696029796675,-46.63533461091976,0.5441161827190057,48.785404392636245,28.886838565135843,54.507056869800735,Alerta
259,-23.555700611700892,-46.63893892583051,0.24494625595259387,10.973619867750351,27.07114540465791,45.386067513376375,Critico
260,-23.550971764937707,-46.637885972112244,0.6073799813400791,54.79594889736929,28.95353537373939,13.110161308235138,Alerta
261,-23.55615007226699,-46.63151674879733,0.38829538310456835,45.43773345599609,34.3820744916825,17.365152213948516,Critico
262,-23.55990053850104,-46.63311722067796,0.7582913704460317,84.4357082739616,31.630774896242105,10.39207953859584,Critico
263,-23.551400840152365,-46.63248489139815,0.41725337124650164,9.808258078424458,36.28037263927754,41.54608951145817,Normal
264,-23.555183296523637,-46.63743946292573,0.5186541043572608,48.82411370217782,29.094080230067004,32.38367127052092,Alerta
265,-23.558773730719277,-46.630335324347364,0.20813437793567047,15.004866469398426,31.713433259500064,16.713742545113774,Critico
266,-23.55740768617754,-46.635698896848716,0.2507128214561912,32.467592689006,32.10092084947182,57.896706052838525,Critico
267,-23.556970157409953,-46.637624586857406,0.4747454894846794,73.73570773877996,31.46715459690121,36.482986197280994,Critico
268,-23.55702484083987,-46.63876765636762,0.5359571843019865,47.601812936876655,33.24214036936826,22.09466470564446,Alerta
269,-23.553594911512196,-46.63342081748716,0.6200143836835126,37.58882851457693,25.7989354939969,35.03017855773538,Alerta
270,-23.552935918442646,-46.63821257304672,0.4041638050965123,39.44762785700353,30.19782044073265,43.98101663675539,Alerta
271,-23.558093611554785,-46.63110631736956,0.6864873202885797,45.94467684059866,23.667596844933563,13.811960898678224,Alerta
272,-23.558101133946792,-46.638464522917346,0.8020856780324432,78.50165438370568,28.152181242317,23.7351907523946,Critico
273,-23.5586707231858,-46.63127488662332,0.7458956922253448,89.20846889402344,29.80267309794023,50.34827454419968,Critico
274,-23.559132405525563,-46.6339728729056,0.22773317774385002,95.53346865039283,32.43558815272756,32.98324352013306,Critico
275,-23.555113423988608,-46.637972953657794,0.5363548630804802,78.6903386255295,37.20849684137926,37.328857101614744,Critico
276,-23.555015162946873,-46.63149917427349,0.2734511248927224,31.540689574801274,31.610417064773692,31.640800110473464,Critico
277,-23.55798295178967,-46.63229251395233,0.36943151110376926,68.81347060865421,33.897502658824955,12.194997132150256,Critico
278,-23.556499639307777,-46.63722252568393,0.8906638152870026,43.760312405539196,30.100256951923242,18.2874889910078,Alerta
279,-23.557019668772575,-46.63720036536546,0.29974688003105926,25.467062204605117,32.145664502021305,32.27708193709454,Critico
280,-23.55795792669436,-46.63641147632885,0.5492217074159492,84.08715794259226,23.134915458140377,20.45927327039639,Critico
281,-23.558900053418174,-46.636939484444675,0.6327090140226834,3.8426348962324997,26.070265293469554,12.498951432983937,Normal
282,-23.553379951568516,-46.63542724443348,0.6917254793808727,90.17619921354235,27.78964949128222,52.182483202591186,Critico
283,-23.5537558295264,-46.63251799058907,0.5917540784408399,46.147746462473414,29.559893680104217,59.05962645820579,Alerta
284,-23.55093981939841,-46.63345695993504,0.20683959319342857,63.72014768082804,22.73037992803814,49.65714369983697,Critico
285,-23.55578280140996,-46.63181597716802,0.4285229157707943,65.93539222057827,24.240385560853085,52.68924608523335,Critico
286,-23.55035942273797,-46.63908450561334,0.562398150369298,89.51177407065364,26.42902892466089,22.09885651585227,Critico
287,-23.554655980181323,-46.635833917947664,0.26150654940138335,63.66696821672073,37.544523054416814,58.031348775659986,Critico
288,-23.555426446347074,-46.63400851416764,0.4454388518464265,61.39335847600618,27.30155211364881,19.84628522267142,Critico
289,-23.55286541252128,-46.63462005803644,0.2232421761539566,6.665204056068996,29.71265692979332,57.571490518091615,Critico
290,-23.55590833260569,-46.63947283339612,0.25500494800851453,51.84080219452041,25.137563403814287,59.74096469829755,Critico
291,-23.550305002499393,-46.63153351403116,0.4778462933411172,15.016900081704165,31.772481137212292,45.586140287302435,Normal
292,-23.550373481887494,-46.63586229832017,0.29290102783014227,73.74337687214856,26.490931448255587,59.0571865895911,Critico
293,-23.558226005606596,-46.63505888678885,0.5972785937830907,51.22219208126745,25.31188125501483,38.47698897835518,Alerta
294,-23.553601906414112,-46.63611454235435,0.682625478396086,68.02277792083532,30.265162055135665,22.977089158804517,Critico
295,-23.55127060512652,-46.63018110183821,0.760410689376358,4.167290060238427,22.088092786566733,31.849794283281042,Normal
296,-23.555222432600548,-46.63872123908944,0.34010517097136705,8.479201604580322,22.122624522387603,39.678046768939296,Critico
297,-23.557699935530984,-46.63932118282484,0.31723780758134884,71.63233880626822,25.505100945629724,13.654078101350748,Critico
298,-23.552158210274968,-46.635651331835895,0.2731974882340802,7.208433599867337,22.58754180001314,41.1171632308623,Critico
299,-23.55622890475819,-46.63696650823877,0.6455011746805457,7.12567277652586,23.72841206609106,59.058891838114725,Normal
300,-23.550853474649937,-46.63922499381177,0.6945330085408308,1.210847523488745,27.421770389420026,19.50538248918638,Normal
301,-23.550516817211687,-46.637072386343135,0.22211030137794943,95.65013982994802,34.84137087327701,49.62975581441916,Critico
302,-23.55531354631568,-46.63152539042915,0.8553485723705829,73.75083594590069,31.152778293908813,55.39493968898097,Critico
303,-23.5554063512161,-46.63576288360167,0.2363798985560307,35.32514085020642,30.20268361530266,57.18507964101104,Critico
304,-23.55637429901498,-46.63606715046383,0.5789074347107492,29.65355812876552,26.695821171329946,58.00678022027236,Alerta
305,-23.557260913337227,-46.63424130671302,0.6963423636156414,34.97032297458495,36.908059510925064,36.072981936073596,Alerta
306,-23.559758520794624,-46.63736444235625,0.8096783866222599,77.46535311811819,28.352240659795065,58.865395399575185,Critico
307,-23.555163003483013,-46.63934367014769,0.6998608524926995,66.13706110704143,23.393484268732344,47.86551035672194,Critico
308,-23.553229564729413,-46.639255685129065,0.7612096581488543,18.519556786746794,31.87306425788482,18.083571811848095,Normal
309,-23.557951861947686,-46.63450839371404,0.4376151347799643,17.410933533408436,23.821414295625623,33.845005323398496,Normal
310,-23.552708322512622,-46.63113238045841,0.7703775796225585,9.839564971339732,27.523570284827073,45.9165587686002,Normal
311,-23.554389714207055,-46.639848411989625,0.2560803924692726,66.03027197013381,30.118591019484942,22.367015790954166,Critico
312,-23.550784563813423,-46.63838898086446,0.8263716592423693,76.43726622217359,35.98756039496281,42.03075917744437,Critico
313,-23.550253507434157,-46.631246626812036,0.5833146633076154,26.5046428325004,29.8967452854419,43.33002395233096,Alerta
314,-23.55962648414678,-46.63920841882617,0.7721084389737456,2.094496103091281,33.23614025650663,18.134987190428294,Normal
315,-23.55835980120512,-46.63869896362062,0.5166227991628101,8.217166747642734,37.88506942398513,38.25426562263782,Normal
316,-23.556959742060936,-46.635188380571265,0.6505043866375675,96.78600348450304,24.103825918367704,48.581345548930386,Critico
317,-23.55408952944414,-46.63591275435745,0.5684818626552792,29.544477747742025,26.395704408312312,34.9447832267971,Alerta
318,-23.551732943200708,-46.633990027038706,0.7121126652287324,76.92231478381336,28.313217209562342,10.605155838805372,Critico
319,-23.55156437042671,-46.63054761638822,0.2571409874214127,62.46635688542638,28.749250856621302,10.451923453964609,Critico
320,-23.552502428981647,-46.63335197241646,0.24224645879339468,38.19396396528959,28.57633720424873,27.851467198500607,Critico
321,-23.55549226664706,-46.63802853448598,0.3729722638071025,20.56872621955551,36.52177604090488,56.3097034215891,Critico
322,-23.557145959227,-46.63004632023005,0.31168127607923185,12.138641815940643,33.4245223114697,21.43383898018044,Critico
323,-23.556601973767176,-46.633334991716914,0.8102484966145411,61.50129680388666,31.72648342545126,41.718184443584356,Critico
324,-23.55279933896946,-46.63398168693591,0.353449791150631,77.4633780637788,26.949963485804513,21.10379353466603,Critico
325,-23.55954865280663,-46.63537395602938,0.883105679073392,64.39042535411306,35.18064614754071,26.08349948297743,Critico
326,-23.557378969166958,-46.639198556164125,0.43582705423977475,53.030213324915835,37.280968183759825,52.4021044800742,Alerta
327,-23.555543540525115,-46.63346345994366,0.3274825409820895,4.195122343163627,35.139172520803626,46.443072113497344,Critico
328,-23.556117207462343,-46.633469532018964,0.7527889549997353,96.84887775943838,22.025041683063566,14.769963865660532,Critico
329,-23.554196000624277,-46.6373750124811,0.6610954428506133,79.87141916545745,32.18242192293451,31.43510104932168,Critico
330,-23.55247730989501,-46.6345221794089,0.5487370015171973,29.282203670096475,22.81816610307361,11.458488182263224,Alerta
331,-23.553559726786514,-46.632246048229405,0.5887544856563418,97.99703293588506,26.12171552533955,34.04450733015045,Critico
332,-23.557578461104644,-46.63452439516133,0.7034412447905847,60.18815896363221,22.952395205564347,43.121700585053404,Critico
333,-23.550143934886297,-46.6314085702038,0.3599183189319091,58.24226582072465,31.660727247190202,15.925131179907577,Critico
334,-23.55116072640507,-46.63176386986506,0.8974337412397193,74.8073179429532,32.985438615881705,24.444246945458282,Critico
335,-23.550460026420218,-46.6349836777274,0.8823552135027481,81.17697880901376,23.83180220905448,29.891831275107847,Critico
336,-23.55040728802319,-46.63418925449505,0.6552279804428558,65.64786073315027,28.14142212871967,55.976551232802485,Critico
337,-23.558554605840108,-46.639148459010684,0.33967971565040156,12.809574636620003,29.299784143288672,59.662750771148204,Critico
338,-23.5570365785938,-46.63362393899117,0.676159769701904,33.82675059944984,27.904848348174667,12.245564949780793,Alerta
339,-23.554741738290872,-46.63580588350278,0.2505388862854231,92.80836403260497,23.93640000776309,48.0503961747696,Critico
340,-23.55097834160651,-46.63632264287919,0.22145675154406425,22.461561184385193,28.703164642999607,28.58620332011716,Critico
341,-23.55491615875117,-46.630130944565884,0.3803780219578496,37.21670238375133,34.01884876493469,29.622909311474,Critico
342,-23.554734717707806,-46.63663537372017,0.5238360697175214,43.2076882944196,23.136122632532086,47.71324866735114,Alerta
343,-23.551732018699102,-46.6317803596687,0.8077907537858664,43.940498969445215,23.282880225310457,55.921321607270436,Alerta
344,-23.55433851649238,-46.6396107031747,0.7090183488364157,61.29395824945255,27.676340669375747,57.54642972512742,Critico
345,-23.553985047343975,-46.63148662727753,0.7198945648399868,94.30758377447076,37.0676113859028,38.85612930191604,Critico
346,-23.556158500980523,-46.634146241237275,0.4978453341136527,24.069271183250496,32.697162347566625,27.85605796502514,Alerta
347,-23.556350936508675,-46.630853496680785,0.44215449478287405,12.150137630091805,32.85871930676104,49.377454292938964,Normal
348,-23.55045304009772,-46.63996874251846,0.4597271340892219,19.747048985993732,27.79071985340584,22.550069163115012,Normal
349,-23.553746126146265,-46.635021950103315,0.8913546946152404,88.69249002092695,31.498572659336617,38.20370144167589,Critico
350,-23.556258599157143,-46.6359538501732,0.22807643398873775,64.5810812655206,22.162098944443894,27.92892307624366,Critico
351,-23.5550313625858,-46.63067076477389,0.8069220472857139,28.590678923916013,32.177536742552675,42.83155368539381,Alerta
352,-23.55856489841188,-46.63749960470399,0.6050727860006754,81.59469389686173,36.61259116121979,22.019945644675346,Critico
353,-23.55658693631619,-46.63209905593096,0.5070307934327133,86.1369996363436,31.801175493517107,19.579647286741288,Critico
354,-23.551629344270815,-46.63898054289441,0.7076803622905956,84.6514338690278,35.97917749546152,55.91195433377185,Critico
355,-23.550705687474004,-46.63205139640482,0.540668258997292,91.89265336395545,33.5835688874575,15.090184147476844,Critico
356,-23.556424192782064,-46.63190687720664,0.8113962666571624,25.224102017336158,23.928934662459042,35.29789538674658,Alerta
357,-23.550265113105418,-46.630365496678486,0.830491304807881,75.50419287462783,36.439252916573466,21.042639148150446,Critico
358,-23.555857755812735,-46.6347206694511,0.4952046488114188,46.053949727414,23.063101509692398,11.946498166283373,Alerta
359,-23.55940230241425,-46.635648411332625,0.39377945806453607,84.19985528900615,30.54347956076422,11.800940914571319,Critico
360,-23.55575474177876,-46.63065708639429,0.6146452300153535,72.84906771616131,24.274193980695323,18.761088605291366,Critico
361,-23.553881699262064,-46.63775527616695,0.8386543419316836,77.64474464997247,22.187305771694465,53.338517725300015,Critico
362,-23.556432882184424,-46.63453288834748,0.3474635323039666,65.61618376810715,28.752548162042224,24.123937198851333,Critico
363,-23.554582528904916,-46.635243902693276,0.6360766084944379,17.742876946970686,26.7206513224665,57.52295852876479,Normal
364,-23.55545616789316,-46.634407627469386,0.6420921540647644,54.502691889693835,29.77600790076165,39.08111464945968,Alerta
365,-23.559414648087763,-46.63400763060876,0.7131791156906966,98.46697395245081,31.235198187752815,31.830709488438305,Critico
366,-23.55386102637801,-46.63559640331308,0.2920973795890819,93.73880664971189,22.699825156943156,39.00444173347273,Critico
367,-23.55961190563824,-46.631552402459306,0.701077475277462,4.317373579701167,23.96805272197993,35.83491926131339,Normal
368,-23.55905350641956,-46.631819281304956,0.8363227644659488,16.481481572943714,30.938278343206804,47.93881268786626,Normal
369,-23.551957911347895,-46.63861785621014,0.3257781762091694,13.172877345456191,27.49067765076253,24.12480329864261,Critico
370,-23.550693613008754,-46.63946115462134,0.36628032744671435,72.59799099852955,33.66677580079117,27.65251958001512,Critico
371,-23.551007780013776,-46.633733093162796,0.8799765658291476,81.77853298569451,32.436666377471035,54.704715126662535,Critico
372,-23.550182218256516,-46.63270744673144,0.32668386689664286,21.35113663106719,35.52966980783851,57.322825657520276,Critico
373,-23.55094442960756,-46.63643999543239,0.7980695653587053,50.5852692951829,33.0798852267076,54.62791137432372,Alerta
374,-23.556830067734165,-46.63408734171098,0.5445944995136243,84.07030280112,28.87889723824237,30.97239969786568,Critico
375,-23.550711886484603,-46.630253863556604,0.3730617520822239,73.28015447662506,32.76746595831092,49.01827515034408,Critico
376,-23.553189756302938,-46.631561525973666,0.8095249308907579,54.223720549184826,26.406098788086695,33.81678666505494,Alerta
377,-23.558448753109694,-46.63715972228847,0.5117136785018659,59.03476904587729,26.901015980451405,34.87699260730511,Alerta
378,-23.55023271935736,-46.6365892394191,0.5603721477507831,50.83605469162799,34.62376255873269,20.234005452864196,Alerta
379,-23.558144684825887,-46.630270959925035,0.451463358579836,29.754845131882057,29.142712262425313,39.55651516292582,Alerta
380,-23.552818547747734,-46.63221972161933,0.6150655960044492,56.50219928590161,34.77408544829364,19.306794887667397,Alerta
381,-23.551181648276216,-46.63231074796588,0.31446671080951594,68.88853020500906,35.15875797869246,26.57823495335969,Critico
382,-23.55696737165364,-46.636718927435986,0.4737570756562325,87.33229158608077,35.72099740258054,52.75151008099676,Critico
383,-23.5562894284678,-46.63019710537755,0.8785886256347013,63.629135397924806,36.66616377345932,20.35379046054276,Critico
384,-23.55877472013527,-46.631041085819845,0.3806934028907893,76.1121537043158,28.89576352821274,13.55791425867164,Critico
385,-23.557350710438037,-46.63799916085373,0.6597156651789045,16.0071634954573,27.10186909313822,13.450379630640814,Normal
386,-23.558034809303848,-46.63178544662055,0.4276330449572864,46.15574744197899,31.31517994550582,57.03922602515539,Alerta
387,-23.552820345725713,-46.63652746107852,0.7414311879806204,0.9331619827093296,27.938758775002043,35.346021898091735,Normal
388,-23.551774395437796,-46.63238182781047,0.29161156250284487,24.667886452162303,31.617186668803726,30.470603590850917,Critico
389,-23.557506147516406,-46.630994413927596,0.8788747315549812,72.64617151130048,33.28937380230119,50.543929050395924,Critico
390,-23.558068347392673,-46.632431721909995,0.5176526789685474,99.18099513493634,33.01448029587419,51.7912963955258,Critico
391,-23.559905051420007,-46.63722266931856,0.36523532434252476,9.917809958721591,27.99284619232194,26.60955165578023,Critico
392,-23.554126176769113,-46.638556964681065,0.2514477231310089,40.14943158612883,24.669763227180045,44.68090287368976,Critico
393,-23.553720180857926,-46.63830219864567,0.31883053356127855,80.00709686991596,28.88846941539532,48.55614079259433,Critico
394,-23.55776412960742,-46.63397183529619,0.5638417639892124,20.403563462889885,24.28150630531054,42.73253434329773,Alerta
395,-23.55340803540253,-46.63668085136571,0.43590222350190044,55.50849493022862,36.24155256294093,17.579753740004968,Alerta
396,-23.559307573256035,-46.63204984295416,0.7802183561178266,73.30712960296748,27.53403937180572,53.79415417585285,Critico
397,-23.55858412751843,-46.63293147730261,0.5016212665632642,61.5985450260179,24.47135595557318,36.954727636800435,Critico
398,-23.55428994027375,-46.638963358185215,0.37409999081134093,18.802473461541613,22.407164158492016,24.123621318500184,Critico
399,-23.557508710677915,-46.63013001923511,0.6320014906228211,35.538456868573945,32.33315818058375,31.261409271884695,Alerta
400,-23.557545428740845,-46.630855085308546,0.694744051819812,78.37917844853972,32.190437079275895,11.87855451994537,Critico
401,-23.55103123868836,-46.63207886255146,0.31692933553066494,55.42265141320166,27.44966666530067,16.393340061120877,Critico
402,-23.559025529066794,-46.63026532203874,0.31733345140182234,0.5229613542912737,23.147390221562418,48.277337525793044,Critico
403,-23.555052523724477,-46.6318143543509,0.2256699988534801,76.09907600280938,28.554062318323712,10.000581737768307,Critico
404,-23.558264574661077,-46.635830415609696,0.7154814105459484,3.531135494023907,26.979479921014295,30.82829142411461,Normal
405,-23.553200496010305,-46.63421424550592,0.6646631693352636,74.57337827312321,32.83393023576015,36.12550905427942,Critico
406,-23.558955232284962,-46.63892671711077,0.5322416130248697,20.24805601652374,31.692467991243046,12.731721000048616,Alerta
407,-23.55389201678734,-46.63817443561739,0.7909193142784379,95.80734801193802,27.83349965116064,58.653908148616644,Critico
408,-23.550108376514803,-46.63341817351698,0.7639691070650372,36.79407513020845,25.48628086807984,21.306266562483597,Alerta
409,-23.55905381976419,-46.63259423433431,0.6097480550777266,32.69316163380791,37.80857545848947,25.20993598181404,Alerta
410,-23.550912866767863,-46.63379692408167,0.8077898963592811,14.888805033244468,29.264025939137838,25.197125612751364,Normal
411,-23.553193136375903,-46.63590294942515,0.3440888470257378,30.560421549021488,33.01238777248379,21.520833105867496,Critico
412,-23.55950061967051,-46.63268063640823,0.2783437335784095,87.66507618282006,24.248847481253772,10.073691104315571,Critico
413,-23.559506071469375,-46.63624148907849,0.3888247280618927,99.63343376272474,29.769435194550365,46.467239704399816,Critico
414,-23.555734378881233,-46.634094116521915,0.2399607992625204,36.83095305068483,22.440587517911446,58.34227498996427,Critico
415,-23.556318372121698,-46.63552047180852,0.5718186696007224,44.861063095454256,30.087281886567197,21.21467416425225,Alerta
416,-23.554484455219782,-46.63436126529135,0.855623984606473,72.2070938202737,37.42427851388324,43.15235959017112,Critico
417,-23.55293210771698,-46.632944657595424,0.22754047846795677,88.61957804650746,28.147307407772804,47.094816347935755,Critico
418,-23.5532866454537,-46.63948453306962,0.28547693980701877,59.304433418678414,22.623936201198585,52.421268954526234,Critico
419,-23.55672518456077,-46.6376360579416,0.5165393197984047,39.15256981778293,22.495292654709495,31.131459850680457,Alerta
420,-23.557523745294375,-46.63140113175767,0.8537125122695335,41.262184084862376,28.207788159149914,25.146545282021464,Alerta
421,-23.557915790437256,-46.63868467975898,0.4213092734837254,69.56181464968068,24.560398983411105,26.264756701151555,Critico
422,-23.557896181427946,-46.6348743119825,0.5550643660818747,0.32182636042786816,22.373633541250975,45.63106665492564,Normal
423,-23.550912061030488,-46.63894552226894,0.22910100133527447,61.95893374598407,34.09941782320283,50.8389733252818,Critico
424,-23.554944203047025,-46.63799855255947,0.3038402406734622,35.54930104413574,29.336368142110253,19.080698387830132,Critico
425,-23.550575587600168,-46.6342521350447,0.8906410860711929,79.41973312770843,26.627916351562472,28.54705040788826,Critico
426,-23.555495288823238,-46.63022469308321,0.875583087505232,9.299063982313216,36.40133092826369,55.097009837457506,Normal
427,-23.554415305013734,-46.63268677359385,0.20345798665408674,58.82022669483905,23.85822336320841,50.33467598473696,Critico
428,-23.558877041827582,-46.63541634214661,0.8662682497962673,48.09728898861238,37.294701263285106,59.24292013812379,Alerta
429,-23.55350915012552,-46.63633478219826,0.6473839564708502,64.23255259052274,27.023467478037645,47.712412984104034,Critico
430,-23.551170670164275,-46.63257887685433,0.8075428061640155,6.485359448296835,36.214458756938896,29.659760051396113,Normal
431,-23.551429916820528,-46.63139356074073,0.5183178989437014,57.99837874281313,31.647086023671385,39.53189169973189,Alerta
432,-23.557615106317172,-46.63834930236799,0.5609172200054752,56.14845879595237,35.2273177558638,43.050712712366014,Alerta
433,-23.55618218063316,-46.639844021807036,0.5421926061798441,56.06600944161709,37.74421061136743,13.922790815856198,Alerta
434,-23.55101122676123,-46.63525690182303,0.6668049802822731,60.34876665964548,26.61448700509993,37.224847955193255,Critico
435,-23.55084106806115,-46.631716792858484,0.297755878329419,67.64679372263622,37.378167766521486,45.46604142363048,Critico
436,-23.55700969131459,-46.6327230732652,0.2209815129108746,80.49889996807697,28.231710318438726,18.36606520005302,Critico
437,-23.550727630063644,-46.630183906765474,0.41555095911383366,26.982072012821433,28.16819047579076,49.031585871277855,Alerta
438,-23.5582186005929,-46.63914298806561,0.6932765339156527,82.5049410180062,27.44619366807209,39.188639025705584,Critico
439,-23.557062422271564,-46.631177510828905,0.3412974164860638,49.82556822634536,30.66252171756136,57.61108928487973,Critico
440,-23.55081348780642,-46.63576516475514,0.6714027033274421,7.705827913433117,24.466320690855795,12.121114910344584,Normal
441,-23.550848377140852,-46.632740552206876,0.8789384322750893,5.85509292439792,30.85938376572818,23.26630687777335,Normal
442,-23.55986639578501,-46.63554178002516,0.2657305010525929,33.42383186960608,30.667276998560062,40.077693964991205,Critico
443,-23.55374270795756,-46.63651420388352,0.6708214827575883,78.48969771114676,34.19042900167792,24.827995610296533,Critico
444,-23.553706421470668,-46.63829741803707,0.5106251535131998,70.76809347409157,35.33839939100137,45.721208203562114,Critico
445,-23.558127995672574,-46.63206421271761,0.8076995780642537,78.86149646724064,29.047061604998785,47.95026412609655,Critico
446,-23.55947248577384,-46.63010995828659,0.32400485261317014,51.72690564416094,26.837331989623898,15.125798203323722,Critico
447,-23.55986001063823,-46.63136885630069,0.6848381665583152,44.01989979554906,26.14935835707351,35.692723210338386,Alerta
448,-23.557533781852587,-46.639000186418485,0.7866807027536771,14.745252670628394,25.113981387277953,35.44452777955279,Normal
449,-23.55376259585531,-46.63873890077563,0.8612299536318162,32.81927536093116,22.922361315184396,28.464038510777055,Alerta
450,-23.550835007166988,-46.635974131021705,0.678273619802752,43.40193661738753,27.47916766135541,56.646243128483604,Alerta
451,-23.557771469159274,-46.636005168604335,0.5480223348058991,8.860042967961723,26.323963074092532,51.37531599366106,Normal
452,-23.555584042497358,-46.636650366745464,0.6324930681408496,22.061195271121125,37.462678173862514,44.86046909548184,Alerta
453,-23.55424222009247,-46.631753712786235,0.8082334891351026,59.82252940637388,30.9233412200007,45.716331786749876,Alerta
454,-23.559063543850947,-46.63914411945925,0.5994268226471808,73.56631142391899,27.55643262448812,33.085807190655956,Critico
455,-23.551111974823062,-46.63418770524892,0.2212709417877858,99.83475113929497,31.287481615899136,56.049726054828795,Critico
456,-23.554926251042907,-46.6338313852825,0.8516640868548844,93.31133313435576,24.227147221531126,44.729771362664266,Critico
457,-23.550113536447675,-46.63518917705283,0.6826687257220927,64.25651995351916,29.104699987235247,46.44905308279082,Critico
458,-23.554686606419942,-46.63046965966775,0.6735593700440725,42.1248053294072,32.01974914273702,53.08454518936726,Alerta
459,-23.55056303275682,-46.631662833687564,0.350972606678402,63.617736470823274,29.822365308679224,23.70357946710955,Critico
460,-23.551188179162683,-46.63738033616426,0.66121982916286,78.56516180802319,28.42846081046919,50.35354519333515,Critico
461,-23.551175262467773,-46.63082798667925,0.47570508395791095,11.833619092338733,37.90157422239517,19.762030147824603,Normal
462,-23.55649210302116,-46.636031521094665,0.6558630839290445,40.99048896962883,36.08503619438283,27.26709761224439,Alerta
463,-23.557460448792654,-46.63245349109682,0.2746151212155935,83.98022856356172,31.974495330551044,26.780522713492136,Critico
464,-23.55583368765097,-46.63389295614042,0.6604917132221252,38.3832951933044,31.110037778916524,58.926273419457026,Alerta
465,-23.559621725484746,-46.63288693736771,0.8995896080394665,57.18722712271865,31.930567677193345,52.82686118739634,Alerta
466,-23.553748705795236,-46.63355672716465,0.23374842720238923,58.77693608621982,25.220993725158934,45.058493079512985,Critico
467,-23.552857120862818,-46.637190459051844,0.884021928954922,18.447625313363936,28.322203892229098,46.35283808076951,Normal
468,-23.558685991281894,-46.63297121715623,0.4848355725060094,36.22354416522884,22.63135252625439,38.103639720128555,Alerta
469,-23.552235958385197,-46.63566404640297,0.8095274152360814,33.451128874193216,29.608736599789225,57.35453335542596,Alerta
470,-23.559632225394406,-46.63476050402199,0.7476698388407914,2.6196708532064794,30.68839334332261,34.81293764411808,Normal
471,-23.550121544746897,-46.63663671165363,0.5969113826906675,2.4191763891355245,25.643995777651355,29.025885493494727,Normal
472,-23.559698788267074,-46.63936829739325,0.7169144464759285,83.16970436757735,37.42446155464822,18.151766846579548,Critico
473,-23.550431599119506,-46.6373257209721,0.8149608929109435,27.30708099728124,36.55127377499587,49.3102826130529,Alerta
474,-23.55891143113698,-46.63214940378591,0.48289822515572306,51.80787662388154,33.554291767294494,46.72219660377957,Alerta
475,-23.555277011090862,-46.63031183135062,0.42892321309426706,29.872557358877305,30.5341860602458,29.217751926206745,Alerta
476,-23.55992964796119,-46.632622640443,0.6673153698945093,94.06792451153404,35.91950655436296,11.259670697961468,Critico
477,-23.550737965647354,-46.635950779307,0.765492159358881,25.929675886577375,24.09043750117541,51.949866385900535,Alerta
478,-23.555538542844012,-46.630514258134845,0.7335995943436311,42.96568127389351,34.64815670839816,10.570899172703681,Alerta
479,-23.55969302535619,-46.63496366247201,0.758469554201044,87.27302504846018,23.997133023469573,45.18498898145255,Critico
480,-23.555230978441703,-46.63596842848917,0.5049083203690531,84.19335667918087,34.70737060079048,58.512855486302854,Critico
481,-23.556293986381352,-46.63334243890817,0.772483951322515,18.610141784627732,26.41228109202171,31.883066407410173,Normal
482,-23.556957486889846,-46.63770912203746,0.2841463387594259,80.26433097957104,36.033449296291025,21.748670249797637,Critico
483,-23.554545410647677,-46.63106598253134,0.5811423685725947,45.81868867378927,37.10467350120636,45.243550502169086,Alerta
484,-23.55627558080084,-46.63075137781736,0.20403106234868512,48.29688720853552,24.38073551048185,50.85640710077926,Critico
485,-23.55584314311923,-46.63728188756204,0.4272100809301892,13.347997241594378,29.402809681046296,37.32151580389237,Normal
486,-23.559011580104908,-46.63495491316206,0.4565230744099785,8.060151375712465,37.69579805060296,58.35176376280731,Normal
487,-23.550454463803415,-46.63688402396428,0.4773208841264788,72.79393069737652,29.734518975570346,12.583436082898055,Critico
488,-23.552809631895922,-46.63434827338604,0.6868270446829035,49.646115235529976,35.81676036023272,35.23977991522641,Alerta
489,-23.559504114840763,-46.63246402033239,0.471990670889242,43.68507026151796,31.419704354101118,45.9226973661275,Alerta
490,-23.55890263783891,-46.638191023176745,0.5140855358357714,72.95082286523967,28.00527852671363,53.13202355745895,Critico
491,-23.554556567527857,-46.63799415878969,0.36628089161202926,76.55128989911097,26.57253688841392,18.962780595389503,Critico
492,-23.556201325978016,-46.63694696470854,0.4612762541405381,15.890816766935355,25.251569457377396,50.00017408818407,Normal
493,-23.552773811829812,-46.632721451372305,0.359088739084206,61.02251494776413,34.18877106204316,37.635353785927265,Critico
494,-23.551881211597237,-46.63590230666869,0.2512371466379105,13.535408227768553,28.184648109168446,29.82768409949816,Critico
495,-23.5546369840494,-46.633609738969405,0.6224140153669645,75.13750860290457,30.18040739521202,16.58575142895468,Critico
496,-23.55353352228026,-46.63091582073327,0.6677489589885113,65.69551562671396,29.877207680018913,53.26478794544562,Critico
497,-23.555836561118507,-46.639173135754625,0.6336432422067302,95.6614621083458,31.2364644677301,17.863660408985766,Critico
498,-23.55077734636965,-46.63136818630919,0.5244458306604006,6.895801635642118,35.84923432999284,25.489392960454964,Normal
499,-23.55974394807666,-46.63950237353821,0.4658500461254609,5.705472115125431,37.69182949733487,24.502276598121846,Normal
500,-23.559862107444793,-46.634460057729584,0.8043335547002777,28.218707469320016,28.52134733718107,53.57070170954272,Alerta
